,Unnamed: 0,year,state,state_po,state_fips,state_cen,state_ic,office,candidate,party_detailed,writein,candidatevotes,totalvotes,version,notes,party_simplified
3740,3740,2020,ALABAMA,AL,1,63,41,US PRESIDENT,"BIDEN, JOSEPH R. JR",DEMOCRAT,False,849624,2323282,20210113,,DEMOCRAT
3741,3741,2020,ALABAMA,AL,1,63,41,US PRESIDENT,"TRUMP, DONALD J.",REPUBLICAN,False,1441170,2323282,20210113,,REPUBLICAN
3742,3742,2020,ALABAMA,AL,1,63,41,US PRESIDENT,"JORGENSEN, JO",LIBERTARIAN,False,25176,2323282,20210113,,LIBERTARIAN
3743,3743,2020,ALABAMA,AL,1,63,41,US PRESIDENT,,,True,7312,2323282,20210113,,OTHER
3744,3744,2020,ALASKA,AK,2,94,81,US PRESIDENT,"BIDEN, JOSEPH R. JR",DEMOCRAT,False,153778,359530,20210113,,DEMOCRAT
3745,3745,2020,ALASKA,AK,2,94,81,US PRESIDENT,"TRUMP, DONALD J.",REPUBLICAN,False,189951,359530,20210113,,REPUBLICAN
3746,3746,2020,ALASKA,AK,2,94,81,US PRESIDENT,"JORGENSEN, JO",LIBERTARIAN,False,8897,359530,20210113,,LIBERTARIAN
3747,3747,2020,ALASKA,AK,2,94,81,US PRESIDENT,"DE LA FUENTE, ROQUE """"ROCKY""""",ALLIANCE,False,318,359530,20210113,,OTHER
3748,3748,2020,ALASKA,AK,2,94,81,US PRESIDENT,"PIERCE, BROCK",INDEPENDENT,False,825,359530,20210113,,OTHER
3749,3749,2020,ALASKA,AK,2,94,81,US PRESIDENT,"JANOS, JAMES G. ""JESSE VENTURA""",GREEN,False,2673,359530,20210113,,OTHER
3750,3750,2020,ALASKA,AK,2,94,81,US PRESIDENT,"BLANKENSHIP, DON",CONSTITUTION PARTY,False,1127,359530,20210113,,OTHER
3751,3751,2020,ALASKA,AK,2,94,81,US PRESIDENT,,,True,1961,359530,20210113,,OTHER
3752,3752,2020,ARIZONA,AZ,4,86,61,US PRESIDENT,"BIDEN, JOSEPH R. JR",DEMOCRAT,False,1672143,3387326,20210113,,DEMOCRAT
3753,3753,2020,ARIZONA,AZ,4,86,61,US PRESIDENT,"TRUMP, DONALD J.",REPUBLICAN,False,1661686,3387326,20210113,,REPUBLICAN
3754,3754,2020,ARIZONA,AZ,4,86,61,US PRESIDENT,"JORGENSEN, JO",LIBERTARIAN,False,51465,3387326,20210113,,LIBERTARIAN
3755,3755,2020,ARIZONA,AZ,4,86,61,US PRESIDENT,"LA RIVA, GLORIA ESTELLA",PARTY FOR SOCIALISM AND LIBERATION,True,190,3387326,20210113,,OTHER
3756,3756,2020,ARIZONA,AZ,4,86,61,US PRESIDENT,"CUMMINGS, DANIEL CLYDE",CONSTITUTION PARTY,True,36,3387326,20210113,,OTHER
3757,3757,2020,ARIZONA,AZ,4,86,61,US PRESIDENT,"SIMMONS, JADE",INDEPENDENT,True,236,3387326,20210113,,OTHER
3758,3758,2020,ARIZONA,AZ,4,86,61,US PRESIDENT,"BODDIE, R. PRESIDENT",INDEPENDENT,True,13,3387326,20210113,,OTHER
3759,3759,2020,ARIZONA,AZ,4,86,61,US PRESIDENT,"HAWKINS, HOWIE",GREEN,True,1557,3387326,20210113,,OTHER
3760,3760,2020,ARKANSAS,AR,5,71,42,US PRESIDENT,"CARROLL, BRIAN",AMERICAN SOLIDARITY PARTY,False,1713,1219069,20210113,,OTHER
3761,3761,2020,ARKANSAS,AR,5,71,42,US PRESIDENT,"BLANKENSHIP, DON",CONSTITUTION PARTY,False,2108,1219069,20210113,,OTHER
3762,3762,2020,ARKANSAS,AR,5,71,42,US PRESIDENT,"BIDEN, JOSEPH R. JR",DEMOCRAT,False,423932,1219069,20210113,,DEMOCRAT
3763,3763,2020,ARKANSAS,AR,5,71,42,US PRESIDENT,"HAWKINS, HOWIE",GREEN,False,2980,1219069,20210113,,OTHER
3764,3764,2020,ARKANSAS,AR,5,71,42,US PRESIDENT,"PIERCE, BROCK",INDEPENDENT,False,2141,1219069,20210113,,OTHER
3765,3765,2020,ARKANSAS,AR,5,71,42,US PRESIDENT,"GAMMON, C. L.",INDEPENDENT,False,1475,1219069,20210113,,OTHER
3766,3766,2020,ARKANSAS,AR,5,71,42,US PRESIDENT,"WEST, KANYE",INDEPENDENT,False,4099,1219069,20210113,,OTHER
3767,3767,2020,ARKANSAS,AR,5,71,42,US PRESIDENT,"COLLINS, PHIL",INDEPENDENT,False,2812,1219069,20210113,,OTHER
3768,3768,2020,ARKANSAS,AR,5,71,42,US PRESIDENT,"DE LA FUENTE, ROQUE """"ROCKY""""",INDEPENDENT,False,1321,1219069,20210113,,OTHER
3769,3769,2020,ARKANSAS,AR,5,71,42,US PRESIDENT,"JORGENSEN, JO",LIBERTARIAN,False,13133,1219069,20210113,,LIBERTARIAN
3770,3770,2020,ARKANSAS,AR,5,71,42,US PRESIDENT,"MYERS, JOHN RICHARD",LIFE AND LIBERTY PARTY,False,1372,1219069,20210113,,OTHER
3771,3771,2020,ARKANSAS,AR,5,71,42,US PRESIDENT,"TRUMP, DONALD J.",REPUBLICAN,False,760647,1219069,20210113,,REPUBLICAN
3772,3772,2020,ARKANSAS,AR,5,71,42,US PRESIDENT,"LA RIVA, GLORIA ESTELLA",PARTY FOR SOCIALISM AND LIBERATION,False,1336,1219069,20210113,,OTHER
3773,3773,2020,CALIFORNIA,CA,6,93,71,US PRESIDENT,"BIDEN, JOSEPH R. JR",DEMOCRAT,False,11110250,17500881,20210113,,DEMOCRAT
3774,3774,2020,CALIFORNIA,CA,6,93,71,US PRESIDENT,"TRUMP, DONALD J.",REPUBLICAN,False,6006429,17500881,20210113,,REPUBLICAN
3775,3775,2020,CALIFORNIA,CA,6,93,71,US PRESIDENT,"JORGENSEN, JO",LIBERTARIAN,False,187895,17500881,20210113,,LIBERTARIAN
3776,3776,2020,CALIFORNIA,CA,6,93,71,US PRESIDENT,"HAWKINS, HOWIE",GREEN,False,81029,17500881,20210113,,OTHER
3777,3777,2020,CALIFORNIA,CA,6,93,71,US PRESIDENT,"DE LA FUENTE, ROQUE """"ROCKY""""",AMERICAN INDEPENDENT,False,60160,17500881,20210113,,OTHER
3778,3778,2020,CALIFORNIA,CA,6,93,71,US PRESIDENT,"LA RIVA, GLORIA ESTELLA",PEACE & FREEDOM,False,51037,17500881,20210113,,OTHER
3779,3779,2020,CALIFORNIA,CA,6,93,71,US PRESIDENT,"CARROLL, BRIAN",AMERICAN SOLIDARITY PARTY,True,2605,17500881,20210113,,OTHER
3780,3780,2020,CALIFORNIA,CA,6,93,71,US PRESIDENT,"JANOS, JAMES G. ""JESSE VENTURA""",INDEPENDENT,True,611,17500881,20210113,,OTHER
3781,3781,2020,CALIFORNIA,CA,6,93,71,US PRESIDENT,MARK CHARLES,INDEPENDENT,True,559,17500881,20210113,,OTHER
3782,3782,2020,CALIFORNIA,CA,6,93,71,US PRESIDENT,"PIERCE, BROCK",INDEPENDENT,True,185,17500881,20210113,,OTHER
3783,3783,2020,CALIFORNIA,CA,6,93,71,US PRESIDENT,JOSEPH KISHORE,INDEPENDENT,True,121,17500881,20210113,,OTHER
3784,3784,2020,COLORADO,CO,8,84,62,US PRESIDENT,"BIDEN, JOSEPH R. JR",DEMOCRAT,False,1804352,3279980,20210113,,DEMOCRAT
3785,3785,2020,COLORADO,CO,8,84,62,US PRESIDENT,"TRUMP, DONALD J.",REPUBLICAN,False,1364607,3279980,20210113,,REPUBLICAN
3786,3786,2020,COLORADO,CO,8,84,62,US PRESIDENT,"JORGENSEN, JO",LIBERTARIAN,False,52460,3279980,20210113,,LIBERTARIAN
3787,3787,2020,COLORADO,CO,8,84,62,US PRESIDENT,"HAWKINS, HOWIE",GREEN,False,8986,3279980,20210113,,OTHER
3788,3788,2020,COLORADO,CO,8,84,62,US PRESIDENT,"LA RIVA, GLORIA ESTELLA",PARTY FOR SOCIALISM AND LIBERATION,False,1035,3279980,20210113,,OTHER
3789,3789,2020,COLORADO,CO,8,84,62,US PRESIDENT,"DE LA FUENTE, ROQUE """"ROCKY""""",ALLIANCE,False,636,3279980,20210113,,OTHER
3790,3790,2020,COLORADO,CO,8,84,62,US PRESIDENT,"PIERCE, BROCK",INDEPENDENT,False,572,3279980,20210113,,OTHER
3791,3791,2020,COLORADO,CO,8,84,62,US PRESIDENT,"WEST, KANYE",INDEPENDENT,False,8089,3279980,20210113,,OTHER
3792,3792,2020,COLORADO,CO,8,84,62,US PRESIDENT,"BLANKENSHIP, DON",CONSTITUTION PARTY,False,5061,3279980,20210113,,OTHER
3793,3793,2020,COLORADO,CO,8,84,62,US PRESIDENT,"HAMMONS, BILL",UNITY PARTY,False,2730,3279980,20210113,,OTHER
3794,3794,2020,COLORADO,CO,8,84,62,US PRESIDENT,"HUBER, BLAKE",APPROVAL VOTING PARTY,False,355,3279980,20210113,,OTHER
3795,3795,2020,COLORADO,CO,8,84,62,US PRESIDENT,"CARROLL, BRIAN",AMERICAN SOLIDARITY PARTY,False,25515,3279980,20210113,,OTHER
3796,3796,2020,COLORADO,CO,8,84,62,US PRESIDENT,"CHARLES, MARK",INDEPENDENT,False,2011,3279980,20210113,,OTHER
3797,3797,2020,COLORADO,CO,8,84,62,US PRESIDENT,"COLLINS, PHIL",PROHIBITION PARTY,False,568,3279980,20210113,,OTHER
3798,3798,2020,COLORADO,CO,8,84,62,US PRESIDENT,"HUNTER, PHIL",PROGRESSIVE PARTY,False,379,3279980,20210113,,OTHER
3799,3799,2020,COLORADO,CO,8,84,62,US PRESIDENT,"JACOB?FAMBRO, PRINCESS KHADIJAH MARYAM",INDEPENDENT,False,495,3279980,20210113,,OTHER
3800,3800,2020,COLORADO,CO,8,84,62,US PRESIDENT,"KENNEDY, ALYSON",SOCIALIST WORKERS PARTY,False,354,3279980,20210113,,OTHER
3801,3801,2020,COLORADO,CO,8,84,62,US PRESIDENT,"KISHORE, JOSEPH",SOCIALIST EQUALITY PARTY,False,196,3279980,20210113,,OTHER
3802,3802,2020,COLORADO,CO,8,84,62,US PRESIDENT,"KOPITKE, KYLE KENLEY",INDEPENDENT AMERICAN PARTY,False,762,3279980,20210113,,OTHER
3803,3803,2020,COLORADO,CO,8,84,62,US PRESIDENT,"MCHUGH, JOE",INDEPENDENT,False,614,3279980,20210113,,OTHER
3804,3804,2020,COLORADO,CO,8,84,62,US PRESIDENT,"SCOTT, JORDAN ""CANCER""",INDEPENDENT,False,175,3279980,20210113,,OTHER
3805,3805,2020,COLORADO,CO,8,84,62,US PRESIDENT,"CELLA, TODD",INDEPENDENT,False,4,3279980,20210113,,OTHER
3806,3806,2020,COLORADO,CO,8,84,62,US PRESIDENT,"HOEFLING, TOM",NON-AFFILIATED,False,24,3279980,20210113,,OTHER
3807,3807,2020,CONNECTICUT,CT,9,16,1,US PRESIDENT,"BIDEN, JOSEPH R. JR",DEMOCRAT,False,1080831,1823857,20210113,,DEMOCRAT
3808,3808,2020,CONNECTICUT,CT,9,16,1,US PRESIDENT,"TRUMP, DONALD J.",REPUBLICAN,False,714717,1823857,20210113,,REPUBLICAN
3809,3809,2020,CONNECTICUT,CT,9,16,1,US PRESIDENT,"JORGENSEN, JO",LIBERTARIAN,False,20230,1823857,20210113,,LIBERTARIAN
3810,3810,2020,CONNECTICUT,CT,9,16,1,US PRESIDENT,"HAWKINS, HOWIE",GREEN,False,7538,1823857,20210113,,OTHER
3811,3811,2020,CONNECTICUT,CT,9,16,1,US PRESIDENT,"CARROLL, BRIAN",AMERICAN SOLIDARITY PARTY,True,219,1823857,20210113,,OTHER
3812,3812,2020,CONNECTICUT,CT,9,16,1,US PRESIDENT,"CHARLES, MARK",INDEPENDENT,True,11,1823857,20210113,,OTHER
3813,3813,2020,CONNECTICUT,CT,9,16,1,US PRESIDENT,"KLOJZY, JEFFREY J.",,True,0,1823857,20210113,,OTHER
3814,3814,2020,CONNECTICUT,CT,9,16,1,US PRESIDENT,"WEINSTEIN, KARYNN KRILL",,True,1,1823857,20210113,,OTHER
3815,3815,2020,CONNECTICUT,CT,9,16,1,US PRESIDENT,"WELLS, KASEY",NON-AFFILIATED,True,6,1823857,20210113,,OTHER
3816,3816,2020,CONNECTICUT,CT,9,16,1,US PRESIDENT,"SIMMONS, MARY RUTH CARO",,True,2,1823857,20210113,,OTHER
3817,3817,2020,CONNECTICUT,CT,9,16,1,US PRESIDENT,"DE LA FUENTE, ROQUE """"ROCKY""""",ALLIANCE,True,13,1823857,20210113,,OTHER
3818,3818,2020,CONNECTICUT,CT,9,16,1,US PRESIDENT,"HOWARD, SHAWN W.",,True,12,1823857,20210113,,OTHER
3819,3819,2020,CONNECTICUT,CT,9,16,1,US PRESIDENT,"SIMMONS, JADE",INDEPENDENT,True,22,1823857,20210113,,OTHER
3820,3820,2020,CONNECTICUT,CT,9,16,1,US PRESIDENT,"WEST, KANYE",INDEPENDENT,True,255,1823857,20210113,,OTHER
3821,3821,2020,DELAWARE,DE,10,51,11,US PRESIDENT,"BELLAR, BARBARA",,True,7,504346,20210113,,OTHER
3822,3822,2020,DELAWARE,DE,10,51,11,US PRESIDENT,"CARROLL, BRIAN",AMERICAN SOLIDARITY PARTY,True,87,504346,20210113,,OTHER
3823,3823,2020,DELAWARE,DE,10,51,11,US PRESIDENT,"PIERCE, BROCK",INDEPENDENT,True,5,504346,20210113,,OTHER
3824,3824,2020,DELAWARE,DE,10,51,11,US PRESIDENT,"ROUSE, DEBORAH",,True,1,504346,20210113,,OTHER
3825,3825,2020,DELAWARE,DE,10,51,11,US PRESIDENT,"BALL, DENNIS ANDREW",,True,3,504346,20210113,,OTHER
3826,3826,2020,DELAWARE,DE,10,51,11,US PRESIDENT,"LA RIVA, GLORIA ESTELLA",PARTY FOR SOCIALISM AND LIBERATION,True,14,504346,20210113,,OTHER
3827,3827,2020,DELAWARE,DE,10,51,11,US PRESIDENT,"SIMMONS, JADE",INDEPENDENT,True,28,504346,20210113,,OTHER
3828,3828,2020,DELAWARE,DE,10,51,11,US PRESIDENT,"WEST, KANYE",INDEPENDENT,True,169,504346,20210113,,OTHER
3829,3829,2020,DELAWARE,DE,10,51,11,US PRESIDENT,"WELLS, KASEY",NON-AFFILIATED,True,1,504346,20210113,,OTHER
3830,3830,2020,DELAWARE,DE,10,51,11,US PRESIDENT,"GIBSON, KATHRYN",,True,1,504346,20210113,,OTHER
3831,3831,2020,DELAWARE,DE,10,51,11,US PRESIDENT,"CHARLES, MARK",INDEPENDENT,True,8,504346,20210113,,OTHER
3832,3832,2020,DELAWARE,DE,10,51,11,US PRESIDENT,"WILLIAMS, MITCHELL",,True,2,504346,20210113,,OTHER
3833,3833,2020,DELAWARE,DE,10,51,11,US PRESIDENT,"BODDIE, R. PRESIDENT",INDEPENDENT,True,1,504346,20210113,,OTHER
3834,3834,2020,DELAWARE,DE,10,51,11,US PRESIDENT,"JACOB?FAMBRO, PRINCESS KHADIJAH MARYAM",INDEPENDENT,True,2,504346,20210113,,OTHER
3835,3835,2020,DELAWARE,DE,10,51,11,US PRESIDENT,"HOWARD, SHAWN W.",,True,4,504346,20210113,,OTHER
3836,3836,2020,DELAWARE,DE,10,51,11,US PRESIDENT,"CELLA, TODD",INDEPENDENT,True,2,504346,20210113,,OTHER
3837,3837,2020,DELAWARE,DE,10,51,11,US PRESIDENT,"HOEFLING, TOM",NON-AFFILIATED,True,1,504346,20210113,,OTHER
3838,3838,2020,DELAWARE,DE,10,51,11,US PRESIDENT,"BIDEN, JOSEPH R. JR",DEMOCRAT,False,296268,504346,20210113,,DEMOCRAT
3839,3839,2020,DELAWARE,DE,10,51,11,US PRESIDENT,"TRUMP, DONALD J.",REPUBLICAN,False,200603,504346,20210113,,REPUBLICAN
3840,3840,2020,DELAWARE,DE,10,51,11,US PRESIDENT,"JORGENSEN, JO",LIBERTARIAN,False,5000,504346,20210113,,LIBERTARIAN
3841,3841,2020,DELAWARE,DE,10,51,11,US PRESIDENT,"HAWKINS, HOWIE",GREEN,False,2139,504346,20210113,,OTHER
3842,3842,2020,DISTRICT OF COLUMBIA,DC,11,53,55,US PRESIDENT,"BIDEN, JOSEPH R. JR",DEMOCRAT,True,317323,344356,20210113,,DEMOCRAT
3843,3843,2020,DISTRICT OF COLUMBIA,DC,11,53,55,US PRESIDENT,"TRUMP, DONALD J.",REPUBLICAN,True,18586,344356,20210113,,REPUBLICAN
3844,3844,2020,DISTRICT OF COLUMBIA,DC,11,53,55,US PRESIDENT,"JORGENSEN, JO",LIBERTARIAN,True,2036,344356,20210113,,LIBERTARIAN
3845,3845,2020,DISTRICT OF COLUMBIA,DC,11,53,55,US PRESIDENT,"HAWKINS, HOWIE",DC STATEHOOD GREEN,True,1726,344356,20210113,,OTHER
3846,3846,2020,DISTRICT OF COLUMBIA,DC,11,53,55,US PRESIDENT,"LA RIVA, GLORIA ESTELLA",INDEPENDENT,True,855,344356,20210113,,OTHER
3847,3847,2020,DISTRICT OF COLUMBIA,DC,11,53,55,US PRESIDENT,,,True,3137,344356,20210113,,OTHER
3848,3848,2020,DISTRICT OF COLUMBIA,DC,11,53,55,US PRESIDENT,"PIERCE, BROCK",INDEPENDENT,False,693,344356,20210113,,OTHER
3849,3849,2020,FLORIDA,FL,12,59,43,US PRESIDENT,"BIDEN, JOSEPH R. JR",DEMOCRAT,False,5297045,11067456,20210113,,DEMOCRAT
3850,3850,2020,FLORIDA,FL,12,59,43,US PRESIDENT,"TRUMP, DONALD J.",REPUBLICAN,False,5668731,11067456,20210113,,REPUBLICAN
3851,3851,2020,FLORIDA,FL,12,59,43,US PRESIDENT,"JORGENSEN, JO",LIBERTARIAN,False,70324,11067456,20210113,,LIBERTARIAN
3852,3852,2020,FLORIDA,FL,12,59,43,US PRESIDENT,"HAWKINS, HOWIE",GREEN,False,14721,11067456,20210113,,OTHER
3853,3853,2020,FLORIDA,FL,12,59,43,US PRESIDENT,"LA RIVA, GLORIA ESTELLA",PARTY FOR SOCIALISM AND LIBERATION,False,5712,11067456,20210113,,OTHER
3854,3854,2020,FLORIDA,FL,12,59,43,US PRESIDENT,"DE LA FUENTE, ROQUE """"ROCKY""""",ALLIANCE,False,5966,11067456,20210113,,OTHER
3855,3855,2020,FLORIDA,FL,12,59,43,US PRESIDENT,"HOWARD, SHAWN W.",,True,9,11067456,20210113,,OTHER
3856,3856,2020,FLORIDA,FL,12,59,43,US PRESIDENT,"BLANKENSHIP, DON",CONSTITUTION PARTY,False,3902,11067456,20210113,,OTHER
3857,3857,2020,FLORIDA,FL,12,59,43,US PRESIDENT,"WELLS, KASEY",NON-AFFILIATED,True,8,11067456,20210113,,OTHER
3858,3858,2020,FLORIDA,FL,12,59,43,US PRESIDENT,"WALLS-WINDHAUSER, ANGELA",,True,2,11067456,20210113,,OTHER
3859,3859,2020,FLORIDA,FL,12,59,43,US PRESIDENT,"SIMMONS, JADE",INDEPENDENT,True,181,11067456,20210113,,OTHER
3860,3860,2020,FLORIDA,FL,12,59,43,US PRESIDENT,"CARROLL, BRIAN",AMERICAN SOLIDARITY PARTY,True,854,11067456,20210113,,OTHER
3861,3861,2020,FLORIDA,FL,12,59,43,US PRESIDENT,"LABOCH, MICHAEL",,True,1,11067456,20210113,,OTHER
3862,3862,2020,GEORGIA,GA,13,58,44,US PRESIDENT,"BELLAR, BARBARA",,True,10,4999960,20210113,,OTHER
3863,3863,2020,GEORGIA,GA,13,58,44,US PRESIDENT,"CARROLL, BRIAN",AMERICAN SOLIDARITY PARTY,True,701,4999960,20210113,,OTHER
3864,3864,2020,GEORGIA,GA,13,58,44,US PRESIDENT,"BYRNE, DAVID",,True,6,4999960,20210113,,OTHER
3865,3865,2020,GEORGIA,GA,13,58,44,US PRESIDENT,"ROUSE, DEBORAH",,True,1,4999960,20210113,,OTHER
3866,3866,2020,GEORGIA,GA,13,58,44,US PRESIDENT,"BLANKENSHIP, DON",CONSTITUTION PARTY,True,61,4999960,20210113,,OTHER
3867,3867,2020,GEORGIA,GA,13,58,44,US PRESIDENT,"LA RIVA, GLORIA ESTELLA",PARTY FOR SOCIALISM AND LIBERATION,True,159,4999960,20210113,,OTHER
3868,3868,2020,GEORGIA,GA,13,58,44,US PRESIDENT,"HAWKINS, HOWIE",GREEN,True,1013,4999960,20210113,,OTHER
3869,3869,2020,GEORGIA,GA,13,58,44,US PRESIDENT,"SIMMONS, JADE",INDEPENDENT,True,181,4999960,20210113,,OTHER
3870,3870,2020,GEORGIA,GA,13,58,44,US PRESIDENT,"WELLS, KASEY",NON-AFFILIATED,True,6,4999960,20210113,,OTHER
3871,3871,2020,GEORGIA,GA,13,58,44,US PRESIDENT,"GIBSON, KATHRYN",,True,2,4999960,20210113,,OTHER
3872,3872,2020,GEORGIA,GA,13,58,44,US PRESIDENT,"COLLINS, LOREN",,True,11,4999960,20210113,,OTHER
3873,3873,2020,GEORGIA,GA,13,58,44,US PRESIDENT,"CHARLES, MARK",INDEPENDENT,True,65,4999960,20210113,,OTHER
3874,3874,2020,GEORGIA,GA,13,58,44,US PRESIDENT,"SHERRILL, PETER",,True,8,4999960,20210113,,OTHER
3875,3875,2020,GEORGIA,GA,13,58,44,US PRESIDENT,"BODDIE, R. PRESIDENT",INDEPENDENT,True,8,4999960,20210113,,OTHER
3876,3876,2020,GEORGIA,GA,13,58,44,US PRESIDENT,"JACOB?FAMBRO, PRINCESS KHADIJAH MARYAM",INDEPENDENT,True,7,4999960,20210113,,OTHER
3877,3877,2020,GEORGIA,GA,13,58,44,US PRESIDENT,"HOWARD, SHAWN W.",,True,5,4999960,20210113,,OTHER
3878,3878,2020,GEORGIA,GA,13,58,44,US PRESIDENT,"BIDEN, JOSEPH R. JR",DEMOCRAT,False,2473633,4999960,20210113,,DEMOCRAT
3879,3879,2020,GEORGIA,GA,13,58,44,US PRESIDENT,"TRUMP, DONALD J.",REPUBLICAN,False,2461854,4999960,20210113,,REPUBLICAN
3880,3880,2020,GEORGIA,GA,13,58,44,US PRESIDENT,"JORGENSEN, JO",LIBERTARIAN,False,62229,4999960,20210113,,LIBERTARIAN
3881,3881,2020,HAWAII,HI,15,95,82,US PRESIDENT,"BIDEN, JOSEPH R. JR",DEMOCRAT,False,366130,579784,20210113,,DEMOCRAT
3882,3882,2020,HAWAII,HI,15,95,82,US PRESIDENT,"TRUMP, DONALD J.",REPUBLICAN,False,196864,579784,20210113,,REPUBLICAN
3883,3883,2020,HAWAII,HI,15,95,82,US PRESIDENT,"JORGENSEN, JO",LIBERTARIAN,False,5539,579784,20210113,,LIBERTARIAN
3884,3884,2020,HAWAII,HI,15,95,82,US PRESIDENT,"HAWKINS, HOWIE",GREEN,False,3822,579784,20210113,,OTHER
3885,3885,2020,HAWAII,HI,15,95,82,US PRESIDENT,"PIERCE, BROCK",AMERICAN SHOPPING PARTY,False,1183,579784,20210113,,OTHER
3886,3886,2020,HAWAII,HI,15,95,82,US PRESIDENT,"BLANKENSHIP, DON",CONSTITUTION PARTY,False,931,579784,20210113,,OTHER
3887,3887,2020,HAWAII,HI,15,95,82,US PRESIDENT,BLANK VOTES,,False,4927,579784,20210113,,OTHER
3888,3888,2020,HAWAII,HI,15,95,82,US PRESIDENT,OVERVOTES,,False,388,579784,20210113,,OTHER
3889,3889,2020,IDAHO,ID,16,82,63,US PRESIDENT,"BIDEN, JOSEPH R. JR",DEMOCRAT,False,287021,868014,20210113,,DEMOCRAT
3890,3890,2020,IDAHO,ID,16,82,63,US PRESIDENT,"TRUMP, DONALD J.",REPUBLICAN,False,554119,868014,20210113,,REPUBLICAN
3891,3891,2020,IDAHO,ID,16,82,63,US PRESIDENT,"JORGENSEN, JO",LIBERTARIAN,False,16404,868014,20210113,,LIBERTARIAN
3892,3892,2020,IDAHO,ID,16,82,63,US PRESIDENT,"HAWKINS, HOWIE",GREEN,True,407,868014,20210113,,OTHER
3893,3893,2020,IDAHO,ID,16,82,63,US PRESIDENT,"PIERCE, BROCK",INDEPENDENT,False,2808,868014,20210113,,OTHER
3894,3894,2020,IDAHO,ID,16,82,63,US PRESIDENT,"BLANKENSHIP, DON",CONSTITUTION PARTY,False,1886,868014,20210113,,OTHER
3895,3895,2020,IDAHO,ID,16,82,63,US PRESIDENT,"DE LA FUENTE, ROQUE """"ROCKY""""",INDEPENDENT,False,1491,868014,20210113,,OTHER
3896,3896,2020,IDAHO,ID,16,82,63,US PRESIDENT,"WEST, KANYE",INDEPENDENT,False,3632,868014,20210113,,OTHER
3897,3897,2020,IDAHO,ID,16,82,63,US PRESIDENT,"LA RIVA, GLORIA ESTELLA",PARTY FOR SOCIALISM AND LIBERATION,True,49,868014,20210113,,OTHER
3898,3898,2020,IDAHO,ID,16,82,63,US PRESIDENT,"CARROLL, BRIAN",AMERICAN SOLIDARITY PARTY,True,163,868014,20210113,,OTHER
3899,3899,2020,IDAHO,ID,16,82,63,US PRESIDENT,"CELLA, TODD",INDEPENDENT,True,1,868014,20210113,,OTHER
3900,3900,2020,IDAHO,ID,16,82,63,US PRESIDENT,"FRANKLIN, CHRIS",,True,1,868014,20210113,,OTHER
3901,3901,2020,IDAHO,ID,16,82,63,US PRESIDENT,"HOEFLING, TOM",NON-AFFILIATED,True,7,868014,20210113,,OTHER
3902,3902,2020,IDAHO,ID,16,82,63,US PRESIDENT,"HOWARD, SHAWN W.",,True,4,868014,20210113,,OTHER
3903,3903,2020,IDAHO,ID,16,82,63,US PRESIDENT,"SIMMONS, JADE",INDEPENDENT,True,21,868014,20210113,,OTHER
3904,3904,2020,ILLINOIS,IL,17,33,21,US PRESIDENT,"BIDEN, JOSEPH R. JR",DEMOCRAT,False,3471915,6033743,20210113,,DEMOCRAT
3905,3905,2020,ILLINOIS,IL,17,33,21,US PRESIDENT,"TRUMP, DONALD J.",REPUBLICAN,False,2446891,6033743,20210113,,REPUBLICAN
3906,3906,2020,ILLINOIS,IL,17,33,21,US PRESIDENT,"JORGENSEN, JO",LIBERTARIAN,False,66544,6033743,20210113,,LIBERTARIAN
3907,3907,2020,ILLINOIS,IL,17,33,21,US PRESIDENT,"HAWKINS, HOWIE",GREEN,False,30494,6033743,20210113,,OTHER
3908,3908,2020,ILLINOIS,IL,17,33,21,US PRESIDENT,"CARROLL, BRIAN",AMERICAN SOLIDARITY PARTY,False,9548,6033743,20210113,,OTHER
3909,3909,2020,ILLINOIS,IL,17,33,21,US PRESIDENT,"LA RIVA, GLORIA ESTELLA",PARTY FOR SOCIALISM AND LIBERATION,False,8046,6033743,20210113,,OTHER
3910,3910,2020,ILLINOIS,IL,17,33,21,US PRESIDENT,"FARNEY, JOHN",,True,84,6033743,20210113,,OTHER
3911,3911,2020,ILLINOIS,IL,17,33,21,US PRESIDENT,"SIMMONS, JADE",INDEPENDENT,True,78,6033743,20210113,,OTHER
3912,3912,2020,ILLINOIS,IL,17,33,21,US PRESIDENT,MARK CHARLES,INDEPENDENT,True,75,6033743,20210113,,OTHER
3913,3913,2020,ILLINOIS,IL,17,33,21,US PRESIDENT,"WELLS, KASEY",NON-AFFILIATED,True,18,6033743,20210113,,OTHER
3914,3914,2020,ILLINOIS,IL,17,33,21,US PRESIDENT,"BLANKENSHIP, DON",CONSTITUTION PARTY,True,18,6033743,20210113,,OTHER
3915,3915,2020,ILLINOIS,IL,17,33,21,US PRESIDENT,"WILLIAMS JR., ANDY",,True,8,6033743,20210113,,OTHER
3916,3916,2020,ILLINOIS,IL,17,33,21,US PRESIDENT,"BELLAR, BARBARA",,True,7,6033743,20210113,,OTHER
3917,3917,2020,ILLINOIS,IL,17,33,21,US PRESIDENT,"KISHORE, JOSEPH",INDEPENDENT,True,5,6033743,20210113,,OTHER
3918,3918,2020,ILLINOIS,IL,17,33,21,US PRESIDENT,"MCKEE, KEVIN",,True,4,6033743,20210113,,OTHER
3919,3919,2020,ILLINOIS,IL,17,33,21,US PRESIDENT,"COLLINS, PHIL",INDEPENDENT,True,3,6033743,20210113,,OTHER
3920,3920,2020,ILLINOIS,IL,17,33,21,US PRESIDENT,"STRUCK, JAMES TIMOTHY",,True,2,6033743,20210113,,OTHER
3921,3921,2020,ILLINOIS,IL,17,33,21,US PRESIDENT,"ROUSE, DEBORAH",,True,1,6033743,20210113,,OTHER
3922,3922,2020,ILLINOIS,IL,17,33,21,US PRESIDENT,"HIGGS, JEREMY",,True,1,6033743,20210113,,OTHER
3923,3923,2020,ILLINOIS,IL,17,33,21,US PRESIDENT,"SIMMONS, MARY RUTH CARO",,True,1,6033743,20210113,,OTHER
3924,3924,2020,INDIANA,IN,18,32,22,US PRESIDENT,"BIDEN, JOSEPH R. JR",DEMOCRAT,False,1242416,3033118,20210113,,DEMOCRAT
3925,3925,2020,INDIANA,IN,18,32,22,US PRESIDENT,"TRUMP, DONALD J.",REPUBLICAN,False,1729519,3033118,20210113,,REPUBLICAN
3926,3926,2020,INDIANA,IN,18,32,22,US PRESIDENT,"JORGENSEN, JO",LIBERTARIAN,False,59232,3033118,20210113,,LIBERTARIAN
3927,3927,2020,INDIANA,IN,18,32,22,US PRESIDENT,"HAWKINS, HOWIE",GREEN,True,988,3033118,20210113,,OTHER
3928,3928,2020,INDIANA,IN,18,32,22,US PRESIDENT,"CARROLL, BRIAN",AMERICAN SOLIDARITY PARTY,True,893,3033118,20210113,,OTHER
3929,3929,2020,INDIANA,IN,18,32,22,US PRESIDENT,"HOWARD, SHAWN W.",,True,23,3033118,20210113,,OTHER
3930,3930,2020,INDIANA,IN,18,32,22,US PRESIDENT,"MCCRAY, VALERIE",,True,17,3033118,20210113,,OTHER
3931,3931,2020,INDIANA,IN,18,32,22,US PRESIDENT,"SCHRINER, JOE",,True,13,3033118,20210113,,OTHER
3932,3932,2020,INDIANA,IN,18,32,22,US PRESIDENT,JOHNSON JR. JAMES L.,,True,5,3033118,20210113,,OTHER
3933,3933,2020,INDIANA,IN,18,32,22,US PRESIDENT,"ROUSE, DEBORAH",,True,4,3033118,20210113,,OTHER
3934,3934,2020,INDIANA,IN,18,32,22,US PRESIDENT,"WILLIAMS, MITCHELL",,True,4,3033118,20210113,,OTHER
3935,3935,2020,INDIANA,IN,18,32,22,US PRESIDENT,"STRIED, CHRISTOPHER",,True,2,3033118,20210113,,OTHER
3936,3936,2020,INDIANA,IN,18,32,22,US PRESIDENT,"F, RANDALL",,True,1,3033118,20210113,,OTHER
3937,3937,2020,INDIANA,IN,18,32,22,US PRESIDENT,"WELLS, KASEY",NON-AFFILIATED,True,1,3033118,20210113,,OTHER
3938,3938,2020,IOWA,IA,19,42,31,US PRESIDENT,"TRUMP, DONALD J.",REPUBLICAN,False,897672,1700130,20210113,,REPUBLICAN
3939,3939,2020,IOWA,IA,19,42,31,US PRESIDENT,"BIDEN, JOSEPH R. JR",DEMOCRAT,False,759061,1700130,20210113,,DEMOCRAT
3940,3940,2020,IOWA,IA,19,42,31,US PRESIDENT,"DE LA FUENTE, ROQUE """"ROCKY""""",INDEPENDENT,False,1082,1700130,20210113,,OTHER
3941,3941,2020,IOWA,IA,19,42,31,US PRESIDENT,"BLANKENSHIP, DON",CONSTITUTION PARTY,False,1707,1700130,20210113,,OTHER
3942,3942,2020,IOWA,IA,19,42,31,US PRESIDENT,"KING, RICKI SUE",GENEOLOGY KNOW YOUR FAMILY HISTORY PARTY,False,546,1700130,20210113,,OTHER
3943,3943,2020,IOWA,IA,19,42,31,US PRESIDENT,"HAWKINS, HOWIE",GREEN,False,3075,1700130,20210113,,OTHER
3944,3944,2020,IOWA,IA,19,42,31,US PRESIDENT,"JORGENSEN, JO",LIBERTARIAN,False,19637,1700130,20210113,,LIBERTARIAN
3945,3945,2020,IOWA,IA,19,42,31,US PRESIDENT,"PIERCE, BROCK",INDEPENDENT,False,544,1700130,20210113,,OTHER
3946,3946,2020,IOWA,IA,19,42,31,US PRESIDENT,"WEST, KANYE",INDEPENDENT,False,3210,1700130,20210113,,OTHER
3947,3947,2020,IOWA,IA,19,42,31,US PRESIDENT,,,True,4337,1700130,20210113,,OTHER
3948,3948,2020,IOWA,IA,19,42,31,US PRESIDENT,UNDERVOTES,,False,6614,1700130,20210113,,OTHER
3949,3949,2020,IOWA,IA,19,42,31,US PRESIDENT,OVERVOTES,,False,2645,1700130,20210113,,OTHER
3950,3950,2020,KANSAS,KS,20,47,32,US PRESIDENT,"TRUMP, DONALD J.",REPUBLICAN,False,771406,1372303,20210113,,REPUBLICAN
3951,3951,2020,KANSAS,KS,20,47,32,US PRESIDENT,"BIDEN, JOSEPH R. JR",DEMOCRAT,False,570323,1372303,20210113,,DEMOCRAT
3952,3952,2020,KANSAS,KS,20,47,32,US PRESIDENT,"JORGENSEN, JO",LIBERTARIAN,False,30574,1372303,20210113,,LIBERTARIAN
3953,3953,2020,KENTUCKY,KY,21,61,51,US PRESIDENT,"TRUMP, DONALD J.",REPUBLICAN,False,1326646,2136768,20210113,,REPUBLICAN
3954,3954,2020,KENTUCKY,KY,21,61,51,US PRESIDENT,"BIDEN, JOSEPH R. JR",DEMOCRAT,False,772474,2136768,20210113,,DEMOCRAT
3955,3955,2020,KENTUCKY,KY,21,61,51,US PRESIDENT,"JORGENSEN, JO",LIBERTARIAN,False,26234,2136768,20210113,,LIBERTARIAN
3956,3956,2020,KENTUCKY,KY,21,61,51,US PRESIDENT,"WEST, KANYE",INDEPENDENT,False,6483,2136768,20210113,,OTHER
3957,3957,2020,KENTUCKY,KY,21,61,51,US PRESIDENT,"PIERCE, BROCK",INDEPENDENT,False,3599,2136768,20210113,,OTHER
3958,3958,2020,KENTUCKY,KY,21,61,51,US PRESIDENT,"HAWKINS, HOWIE",GREEN,True,716,2136768,20210113,,OTHER
3959,3959,2020,KENTUCKY,KY,21,61,51,US PRESIDENT,"CARROLL, BRIAN",AMERICAN SOLIDARITY PARTY,True,408,2136768,20210113,,OTHER
3960,3960,2020,KENTUCKY,KY,21,61,51,US PRESIDENT,"LA RIVA, GLORIA ESTELLA",PARTY FOR SOCIALISM AND LIBERATION,True,98,2136768,20210113,,OTHER
3961,3961,2020,KENTUCKY,KY,21,61,51,US PRESIDENT,"CHARLES, MARK",INDEPENDENT,True,43,2136768,20210113,,OTHER
3962,3962,2020,KENTUCKY,KY,21,61,51,US PRESIDENT,"SIMMONS, JADE",INDEPENDENT,True,29,2136768,20210113,,OTHER
3963,3963,2020,KENTUCKY,KY,21,61,51,US PRESIDENT,"HOEFLING, TOM",NON-AFFILIATED,True,20,2136768,20210113,,OTHER
3964,3964,2020,KENTUCKY,KY,21,61,51,US PRESIDENT,"HOWARD, SHAWN W.",,True,9,2136768,20210113,,OTHER
3965,3965,2020,KENTUCKY,KY,21,61,51,US PRESIDENT,"BODDIE, R. PRESIDENT",INDEPENDENT,True,7,2136768,20210113,,OTHER
3966,3966,2020,KENTUCKY,KY,21,61,51,US PRESIDENT,"WELLS, KASEY",NON-AFFILIATED,True,1,2136768,20210113,,OTHER
3967,3967,2020,KENTUCKY,KY,21,61,51,US PRESIDENT,"STEVENS, TIMOTHY ALLEN",,True,1,2136768,20210113,,OTHER
3968,3968,2020,LOUISIANA,LA,22,72,45,US PRESIDENT,"BIDEN, JOSEPH R. JR",DEMOCRAT,False,856034,2148062,20210113,,DEMOCRAT
3969,3969,2020,LOUISIANA,LA,22,72,45,US PRESIDENT,"JORGENSEN, JO",LIBERTARIAN,False,21645,2148062,20210113,,LIBERTARIAN
3970,3970,2020,LOUISIANA,LA,22,72,45,US PRESIDENT,"TRUMP, DONALD J.",REPUBLICAN,False,1255776,2148062,20210113,,REPUBLICAN
3971,3971,2020,LOUISIANA,LA,22,72,45,US PRESIDENT,"CARROLL, BRIAN",AMERICAN SOLIDARITY PARTY,False,2497,2148062,20210113,,OTHER
3972,3972,2020,LOUISIANA,LA,22,72,45,US PRESIDENT,JADE SIMMONS,BECOMING ONE NATION,False,1626,2148062,20210113,,OTHER
3973,3973,2020,LOUISIANA,LA,22,72,45,US PRESIDENT,"BODDIE, R. PRESIDENT",C.U.P,False,1125,2148062,20210113,,OTHER
3974,3974,2020,LOUISIANA,LA,22,72,45,US PRESIDENT,"BLANKENSHIP, DON",CONSTITUTION PARTY,False,860,2148062,20210113,,OTHER
3975,3975,2020,LOUISIANA,LA,22,72,45,US PRESIDENT,"PIERCE, BROCK",FREEDOM AND PROSPERITY,False,749,2148062,20210113,,OTHER
3976,3976,2020,LOUISIANA,LA,22,72,45,US PRESIDENT,"HOEFLING, TOM","LIFE , LIBERTY, CONSTITUTION",False,668,2148062,20210113,,OTHER
3977,3977,2020,LOUISIANA,LA,22,72,45,US PRESIDENT,"LA RIVA, GLORIA ESTELLA",PARTY FOR SOCIALISM AND LIBERATION,False,987,2148062,20210113,,OTHER
3978,3978,2020,LOUISIANA,LA,22,72,45,US PRESIDENT,"KENNEDY, ALYSON",SOCIALIST WORKERS PARTY,False,536,2148062,20210113,,OTHER
3979,3979,2020,LOUISIANA,LA,22,72,45,US PRESIDENT,"WEST, KANYE",THE BIRTHDAY PARTY,False,4897,2148062,20210113,,OTHER
3980,3980,2020,LOUISIANA,LA,22,72,45,US PRESIDENT,"HAMMONS, BILL",UNITY PARTY,False,662,2148062,20210113,,OTHER
3981,3981,2020,MAINE,ME,23,11,2,US PRESIDENT,"BIDEN, JOSEPH R. JR",DEMOCRAT,False,435072,828305,20210113,,DEMOCRAT
3982,3982,2020,MAINE,ME,23,11,2,US PRESIDENT,"JORGENSEN, JO",LIBERTARIAN,False,14152,828305,20210113,,LIBERTARIAN
3983,3983,2020,MAINE,ME,23,11,2,US PRESIDENT,"TRUMP, DONALD J.",REPUBLICAN,False,360737,828305,20210113,,REPUBLICAN
3984,3984,2020,MAINE,ME,23,11,2,US PRESIDENT,"HAWKINS, HOWIE",GREEN,False,8230,828305,20210113,,OTHER
3985,3985,2020,MAINE,ME,23,11,2,US PRESIDENT,"DE LA FUENTE, ROQUE """"ROCKY""""",ALLIANCE,False,1183,828305,20210113,,OTHER
3986,3986,2020,MAINE,ME,23,11,2,US PRESIDENT,,,True,87,828305,20210113,,OTHER
3987,3987,2020,MAINE,ME,23,11,2,US PRESIDENT,BLANK VOTES,,False,8844,828305,20210113,,OTHER
3988,3988,2020,MARYLAND,MD,24,52,52,US PRESIDENT,"TRUMP, DONALD J.",REPUBLICAN,False,976414,3037030,20210113,,REPUBLICAN
3989,3989,2020,MARYLAND,MD,24,52,52,US PRESIDENT,"BIDEN, JOSEPH R. JR",DEMOCRAT,False,1985023,3037030,20210113,,DEMOCRAT
3990,3990,2020,MARYLAND,MD,24,52,52,US PRESIDENT,"JORGENSEN, JO",LIBERTARIAN,False,33488,3037030,20210113,,LIBERTARIAN
3991,3991,2020,MARYLAND,MD,24,52,52,US PRESIDENT,"HAWKINS, HOWIE",GREEN,False,15799,3037030,20210113,,OTHER
3992,3992,2020,MARYLAND,MD,24,52,52,US PRESIDENT,"SEGAL, JEROME M.",BREAD AND ROSES,False,5884,3037030,20210113,,OTHER
3993,3993,2020,MARYLAND,MD,24,52,52,US PRESIDENT,"BALL, DENNIS ANDREW",,True,8,3037030,20210113,,OTHER
3994,3994,2020,MARYLAND,MD,24,52,52,US PRESIDENT,"BELLAR, BARBARA",,True,23,3037030,20210113,,OTHER
3995,3995,2020,MARYLAND,MD,24,52,52,US PRESIDENT,"BODDIE, R. PRESIDENT",INDEPENDENT,True,4,3037030,20210113,,OTHER
3996,3996,2020,MARYLAND,MD,24,52,52,US PRESIDENT,"CARROLL, BRIAN",AMERICAN SOLIDARITY PARTY,True,795,3037030,20210113,,OTHER
3997,3997,2020,MARYLAND,MD,24,52,52,US PRESIDENT,"CELLA, TODD",INDEPENDENT,True,11,3037030,20210113,,OTHER
3998,3998,2020,MARYLAND,MD,24,52,52,US PRESIDENT,"CHARLES, MARK",INDEPENDENT,True,30,3037030,20210113,,OTHER
3999,3999,2020,MARYLAND,MD,24,52,52,US PRESIDENT,"COLLINS, PHIL",INDEPENDENT,True,10,3037030,20210113,,OTHER
4000,4000,2020,MARYLAND,MD,24,52,52,US PRESIDENT,"DE LA FUENTE, ROQUE """"ROCKY""""",ALLIANCE,True,26,3037030,20210113,,OTHER
4001,4001,2020,MARYLAND,MD,24,52,52,US PRESIDENT,"HOEFLING, TOM",NON-AFFILIATED,True,11,3037030,20210113,,OTHER
4002,4002,2020,MARYLAND,MD,24,52,52,US PRESIDENT,"HOWARD, SHAWN W.",,True,20,3037030,20210113,,OTHER
4003,4003,2020,MARYLAND,MD,24,52,52,US PRESIDENT,"LEE, JOHNSON",,True,1,3037030,20210113,,OTHER
4004,4004,2020,MARYLAND,MD,24,52,52,US PRESIDENT,"PIERCE, BROCK",INDEPENDENT,True,16,3037030,20210113,,OTHER
4005,4005,2020,MARYLAND,MD,24,52,52,US PRESIDENT,"ROUSE, DEBORAH",,True,6,3037030,20210113,,OTHER
4006,4006,2020,MARYLAND,MD,24,52,52,US PRESIDENT,"SHERRILL, PETER",,True,3,3037030,20210113,,OTHER
4007,4007,2020,MARYLAND,MD,24,52,52,US PRESIDENT,"SIMMONS, JADE",BECOMING ONE NATION,True,131,3037030,20210113,,OTHER
4008,4008,2020,MARYLAND,MD,24,52,52,US PRESIDENT,"WELLS, KASEY",NON-AFFILIATED,True,5,3037030,20210113,,OTHER
4009,4009,2020,MARYLAND,MD,24,52,52,US PRESIDENT,"WEST, KANYE",THE BIRTHDAY PARTY,True,1117,3037030,20210113,,OTHER
4010,4010,2020,MARYLAND,MD,24,52,52,US PRESIDENT,"LA RIVA, GLORIA ESTELLA",PARTY FOR SOCIALISM AND LIBERATION,True,125,3037030,20210113,,OTHER
4011,4011,2020,MARYLAND,MD,24,52,52,US PRESIDENT,"RALEY, ALBERT",,,32,3037030,20210113,,OTHER
4012,4012,2020,MARYLAND,MD,24,52,52,US PRESIDENT,"SCHAWLB, BENJAMIN",,,3,3037030,20210113,,OTHER
4013,4013,2020,MARYLAND,MD,24,52,52,US PRESIDENT,,,,18045,3037030,20210113,,OTHER
4014,4014,2020,MASSACHUSETTS,MA,25,14,3,US PRESIDENT,"BIDEN, JOSEPH R. JR",DEMOCRAT,False,2382202,3658005,20210113,,DEMOCRAT
4015,4015,2020,MASSACHUSETTS,MA,25,14,3,US PRESIDENT,"TRUMP, DONALD J.",REPUBLICAN,False,1167202,3658005,20210113,,REPUBLICAN
4016,4016,2020,MASSACHUSETTS,MA,25,14,3,US PRESIDENT,"JORGENSEN, JO",LIBERTARIAN,False,47013,3658005,20210113,,LIBERTARIAN
4017,4017,2020,MASSACHUSETTS,MA,25,14,3,US PRESIDENT,"HAWKINS, HOWIE",GREEN-RAINBOW,False,18658,3658005,20210113,,OTHER
4018,4018,2020,MASSACHUSETTS,MA,25,14,3,US PRESIDENT,BLANK VOTES,,False,26603,3658005,20210113,,OTHER
4019,4019,2020,MASSACHUSETTS,MA,25,14,3,US PRESIDENT,,,True,16327,3658005,20210113,,OTHER
4020,4020,2020,MICHIGAN,MI,26,34,23,US PRESIDENT,"BIDEN, JOSEPH R. JR",DEMOCRAT,False,2804040,5539302,20210113,,DEMOCRAT
4021,4021,2020,MICHIGAN,MI,26,34,23,US PRESIDENT,"TRUMP, DONALD J.",REPUBLICAN,False,2649852,5539302,20210113,,REPUBLICAN
4022,4022,2020,MICHIGAN,MI,26,34,23,US PRESIDENT,"JORGENSEN, JO",LIBERTARIAN,False,60381,5539302,20210113,,LIBERTARIAN
4023,4023,2020,MICHIGAN,MI,26,34,23,US PRESIDENT,"BLANKENSHIP, DON",US TAXPAYERS PARTY,False,7235,5539302,20210113,,OTHER
4024,4024,2020,MICHIGAN,MI,26,34,23,US PRESIDENT,"HAWKINS, HOWIE",GREEN,False,13718,5539302,20210113,,OTHER
4025,4025,2020,MICHIGAN,MI,26,34,23,US PRESIDENT,"DE LA FUENTE, ROQUE """"ROCKY""""",NATURAL LAW,False,2986,5539302,20210113,,OTHER
4026,4026,2020,MICHIGAN,MI,26,34,23,US PRESIDENT,"CARROLL, BRIAN",AMERICAN SOLIDARITY PARTY,True,963,5539302,20210113,,OTHER
4027,4027,2020,MICHIGAN,MI,26,34,23,US PRESIDENT,"HOEFLING, TOM",,True,32,5539302,20210113,,OTHER
4028,4028,2020,MICHIGAN,MI,26,34,23,US PRESIDENT,"HUNTER, TARA RENEE",,True,1,5539302,20210113,,OTHER
4029,4029,2020,MICHIGAN,MI,26,34,23,US PRESIDENT,"SIMMONS, JADE",BECOMING ONE NATION,True,89,5539302,20210113,,OTHER
4030,4030,2020,MICHIGAN,MI,26,34,23,US PRESIDENT,"WELLS, KASEY",NON-AFFILIATED,True,5,5539302,20210113,,OTHER
4031,4031,2020,MINNESOTA,MN,27,41,33,US PRESIDENT,"TRUMP, DONALD J.",REPUBLICAN,False,1484065,3277171,20210113,,REPUBLICAN
4032,4032,2020,MINNESOTA,MN,27,41,33,US PRESIDENT,"BIDEN, JOSEPH R. JR",DEMOCRAT,False,1717077,3277171,20210113,,DEMOCRAT
4033,4033,2020,MINNESOTA,MN,27,41,33,US PRESIDENT,"DE LA FUENTE, ROQUE """"ROCKY""""",ALLIANCE,False,5611,3277171,20210113,,OTHER
4034,4034,2020,MINNESOTA,MN,27,41,33,US PRESIDENT,"HAWKINS, HOWIE",GREEN,False,10033,3277171,20210113,,OTHER
4035,4035,2020,MINNESOTA,MN,27,41,33,US PRESIDENT,"WEST, KANYE",INDEPENDENT,False,7940,3277171,20210113,,OTHER
4036,4036,2020,MINNESOTA,MN,27,41,33,US PRESIDENT,"PIERCE, BROCK",INDEPENDENT,False,5651,3277171,20210113,,OTHER
4037,4037,2020,MINNESOTA,MN,27,41,33,US PRESIDENT,"LA RIVA, GLORIA ESTELLA",PARTY FOR SOCIALISM AND LIBERATION,False,1210,3277171,20210113,,OTHER
4038,4038,2020,MINNESOTA,MN,27,41,33,US PRESIDENT,"KENNEDY, ALYSON",SOCIALIST WORKERS PARTY,False,643,3277171,20210113,,OTHER
4039,4039,2020,MINNESOTA,MN,27,41,33,US PRESIDENT,"JORGENSEN, JO",LIBERTARIAN,False,34976,3277171,20210113,,LIBERTARIAN
4040,4040,2020,MINNESOTA,MN,27,41,33,US PRESIDENT,,,True,9965,3277171,20210113,,OTHER
4041,4041,2020,MISSISSIPPI,MS,28,64,46,US PRESIDENT,"BIDEN, JOSEPH R. JR",DEMOCRAT,False,539398,1313759,20210113,,DEMOCRAT
4042,4042,2020,MISSISSIPPI,MS,28,64,46,US PRESIDENT,"TRUMP, DONALD J.",REPUBLICAN,False,756764,1313759,20210113,,REPUBLICAN
4043,4043,2020,MISSISSIPPI,MS,28,64,46,US PRESIDENT,"BLANKENSHIP, DON",CONSTITUTION PARTY,False,1279,1313759,20210113,,OTHER
4044,4044,2020,MISSISSIPPI,MS,28,64,46,US PRESIDENT,"CARROLL, BRIAN",AMERICAN SOLIDARITY PARTY,False,1161,1313759,20210113,,OTHER
4045,4045,2020,MISSISSIPPI,MS,28,64,46,US PRESIDENT,"COLLINS, PHIL",INDEPENDENT,False,1317,1313759,20210113,,OTHER
4046,4046,2020,MISSISSIPPI,MS,28,64,46,US PRESIDENT,"HAWKINS, HOWIE",GREEN,False,1498,1313759,20210113,,OTHER
4047,4047,2020,MISSISSIPPI,MS,28,64,46,US PRESIDENT,"JORGENSEN, JO",LIBERTARIAN,False,8026,1313759,20210113,,LIBERTARIAN
4048,4048,2020,MISSISSIPPI,MS,28,64,46,US PRESIDENT,"PIERCE, BROCK",INDEPENDENT,False,659,1313759,20210113,,OTHER
4049,4049,2020,MISSISSIPPI,MS,28,64,46,US PRESIDENT,"WEST, KANYE",INDEPENDENT,False,3657,1313759,20210113,,OTHER
4050,4050,2020,MISSOURI,MO,29,43,34,US PRESIDENT,"TRUMP, DONALD J.",REPUBLICAN,False,1718736,3025962,20210113,,REPUBLICAN
4051,4051,2020,MISSOURI,MO,29,43,34,US PRESIDENT,"BIDEN, JOSEPH R. JR",DEMOCRAT,False,1253014,3025962,20210113,,DEMOCRAT
4052,4052,2020,MISSOURI,MO,29,43,34,US PRESIDENT,"JORGENSEN, JO",LIBERTARIAN,False,41205,3025962,20210113,,LIBERTARIAN
4053,4053,2020,MISSOURI,MO,29,43,34,US PRESIDENT,"HAWKINS, HOWIE",GREEN,False,8283,3025962,20210113,,OTHER
4054,4054,2020,MISSOURI,MO,29,43,34,US PRESIDENT,"BLANKENSHIP, DON",CONSTITUTION PARTY,False,3919,3025962,20210113,,OTHER
4055,4055,2020,MISSOURI,MO,29,43,34,US PRESIDENT,,,True,0,3025962,20210113,,OTHER
4056,4056,2020,MISSOURI,MO,29,43,34,US PRESIDENT,"WELLS, KASEY",NON-AFFILIATED,True,3,3025962,20210113,,OTHER
4057,4057,2020,MISSOURI,MO,29,43,34,US PRESIDENT,"SIMMONS, JADE",BECOMING ONE NATION,True,74,3025962,20210113,,OTHER
4058,4058,2020,MISSOURI,MO,29,43,34,US PRESIDENT,"CARROLL, BRIAN",AMERICAN SOLIDARITY PARTY,True,664,3025962,20210113,,OTHER
4059,4059,2020,MISSOURI,MO,29,43,34,US PRESIDENT,"LA RIVA, GLORIA ESTELLA",PARTY FOR SOCIALISM AND LIBERATION,True,64,3025962,20210113,,OTHER
4060,4060,2020,MONTANA,MT,30,81,64,US PRESIDENT,"JORGENSEN, JO",LIBERTARIAN,False,15252,603674,20210113,,LIBERTARIAN
4061,4061,2020,MONTANA,MT,30,81,64,US PRESIDENT,"TRUMP, DONALD J.",REPUBLICAN,False,343602,603674,20210113,,REPUBLICAN
4062,4062,2020,MONTANA,MT,30,81,64,US PRESIDENT,"BIDEN, JOSEPH R. JR",DEMOCRAT,False,244786,603674,20210113,,DEMOCRAT
4063,4063,2020,MONTANA,MT,30,81,64,US PRESIDENT,"BELLAR, BARBARA",,True,2,603674,20210113,,OTHER
4064,4064,2020,MONTANA,MT,30,81,64,US PRESIDENT,"SIMMONS, JADE",BECOMING ONE NATION,True,6,603674,20210113,,OTHER
4065,4065,2020,MONTANA,MT,30,81,64,US PRESIDENT,"CHARLES, MARK",INDEPENDENT,True,23,603674,20210113,,OTHER
4066,4066,2020,MONTANA,MT,30,81,64,US PRESIDENT,"HOEFLING, TOM",,True,3,603674,20210113,,OTHER
4067,4067,2020,NEBRASKA,NE,31,46,35,US PRESIDENT,"TRUMP, DONALD J.",REPUBLICAN,False,556846,956383,20210113,,REPUBLICAN
4068,4068,2020,NEBRASKA,NE,31,46,35,US PRESIDENT,"BIDEN, JOSEPH R. JR",DEMOCRAT,False,374583,956383,20210113,,DEMOCRAT
4069,4069,2020,NEBRASKA,NE,31,46,35,US PRESIDENT,"JORGENSEN, JO",LIBERTARIAN,False,20283,956383,20210113,,LIBERTARIAN
4070,4070,2020,NEBRASKA,NE,31,46,35,US PRESIDENT,,,True,4671,956383,20210113,,OTHER
4071,4071,2020,NEVADA,NV,32,88,65,US PRESIDENT,"JORGENSEN, JO",LIBERTARIAN,False,14783,1405376,20210113,,LIBERTARIAN
4072,4072,2020,NEVADA,NV,32,88,65,US PRESIDENT,"TRUMP, DONALD J.",REPUBLICAN,False,669890,1405376,20210113,,REPUBLICAN
4073,4073,2020,NEVADA,NV,32,88,65,US PRESIDENT,"BIDEN, JOSEPH R. JR",DEMOCRAT,False,703486,1405376,20210113,,DEMOCRAT
4074,4074,2020,NEVADA,NV,32,88,65,US PRESIDENT,"BLANKENSHIP, DON",INDEPENDENT AMERICAN PARTY,False,3138,1405376,20210113,,OTHER
4075,4075,2020,NEVADA,NV,32,88,65,US PRESIDENT,,,True,14079,1405376,20210113,,OTHER
4076,4076,2020,NEW HAMPSHIRE,NH,33,12,4,US PRESIDENT,"JORGENSEN, JO",LIBERTARIAN,False,13235,806182,20210113,,LIBERTARIAN
4077,4077,2020,NEW HAMPSHIRE,NH,33,12,4,US PRESIDENT,"TRUMP, DONALD J.",REPUBLICAN,False,365654,806182,20210113,,REPUBLICAN
4078,4078,2020,NEW HAMPSHIRE,NH,33,12,4,US PRESIDENT,"BIDEN, JOSEPH R. JR",DEMOCRAT,False,424921,806182,20210113,,DEMOCRAT
4079,4079,2020,NEW HAMPSHIRE,NH,33,12,4,US PRESIDENT,"BUTTIGIEG, PETE",,True,47,806182,20210113,,OTHER
4080,4080,2020,NEW HAMPSHIRE,NH,33,12,4,US PRESIDENT,"CUOMO, ANDREW",,True,14,806182,20210113,,OTHER
4081,4081,2020,NEW HAMPSHIRE,NH,33,12,4,US PRESIDENT,"GABBARD, TULSI",,True,142,806182,20210113,,OTHER
4082,4082,2020,NEW HAMPSHIRE,NH,33,12,4,US PRESIDENT,"HAWKINS, HOWIE",GREEN,True,217,806182,20210113,,OTHER
4083,4083,2020,NEW HAMPSHIRE,NH,33,12,4,US PRESIDENT,"HUCKABEE, MIKE",,True,10,806182,20210113,,OTHER
4084,4084,2020,NEW HAMPSHIRE,NH,33,12,4,US PRESIDENT,"KASICH, JOHN",,True,67,806182,20210113,,OTHER
4085,4085,2020,NEW HAMPSHIRE,NH,33,12,4,US PRESIDENT,"KLOBUCHAR, AMY",,True,19,806182,20210113,,OTHER
4086,4086,2020,NEW HAMPSHIRE,NH,33,12,4,US PRESIDENT,"OBAMA, MICHELLE",,True,10,806182,20210113,,OTHER
4087,4087,2020,NEW HAMPSHIRE,NH,33,12,4,US PRESIDENT,"PAUL, RON",,True,13,806182,20210113,,OTHER
4088,4088,2020,NEW HAMPSHIRE,NH,33,12,4,US PRESIDENT,"PENCE, MIKE",,True,56,806182,20210113,,OTHER
4089,4089,2020,NEW HAMPSHIRE,NH,33,12,4,US PRESIDENT,"RICE, CONDOLEEZA",,True,12,806182,20210113,,OTHER
4090,4090,2020,NEW HAMPSHIRE,NH,33,12,4,US PRESIDENT,"ROMNEY, MITT",,True,170,806182,20210113,,OTHER
4091,4091,2020,NEW HAMPSHIRE,NH,33,12,4,US PRESIDENT,"SANDERS, BERNIE",,True,192,806182,20210113,,OTHER
4092,4092,2020,NEW HAMPSHIRE,NH,33,12,4,US PRESIDENT,"SHAHEEN, JEANNE",,True,14,806182,20210113,,OTHER
4093,4093,2020,NEW HAMPSHIRE,NH,33,12,4,US PRESIDENT,"SUNUNU, CHRIS",,True,46,806182,20210113,,OTHER
4094,4094,2020,NEW HAMPSHIRE,NH,33,12,4,US PRESIDENT,"SUPREME, VERMIN",,True,22,806182,20210113,,OTHER
4095,4095,2020,NEW HAMPSHIRE,NH,33,12,4,US PRESIDENT,"WELD, BILL",,True,23,806182,20210113,,OTHER
4096,4096,2020,NEW HAMPSHIRE,NH,33,12,4,US PRESIDENT,"WEST, KANYE",,True,82,806182,20210113,,OTHER
4097,4097,2020,NEW HAMPSHIRE,NH,33,12,4,US PRESIDENT,"YANG, ANDREW",,True,58,806182,20210113,,OTHER
4098,4098,2020,NEW HAMPSHIRE,NH,33,12,4,US PRESIDENT,,,True,1158,806182,20210113,,OTHER
4099,4099,2020,NEW JERSEY,NJ,34,22,12,US PRESIDENT,"TRUMP, DONALD J.",REPUBLICAN,False,1883274,4549353,20210113,,REPUBLICAN
4100,4100,2020,NEW JERSEY,NJ,34,22,12,US PRESIDENT,"BIDEN, JOSEPH R. JR",DEMOCRAT,False,2608335,4549353,20210113,,DEMOCRAT
4101,4101,2020,NEW JERSEY,NJ,34,22,12,US PRESIDENT,"JORGENSEN, JO",LIBERTARIAN,False,31677,4549353,20210113,,LIBERTARIAN
4102,4102,2020,NEW JERSEY,NJ,34,22,12,US PRESIDENT,"HAWKINS, HOWIE",GREEN,False,14202,4549353,20210113,,OTHER
4103,4103,2020,NEW JERSEY,NJ,34,22,12,US PRESIDENT,"HAMMONS, BILL",UNITY PARTY,False,3255,4549353,20210113,,OTHER
4104,4104,2020,NEW JERSEY,NJ,34,22,12,US PRESIDENT,"BLANKENSHIP, DON",CONSTITUTION PARTY,False,2954,4549353,20210113,,OTHER
4105,4105,2020,NEW JERSEY,NJ,34,22,12,US PRESIDENT,"LA RIVA, GLORIA ESTELLA",PARTY FOR SOCIALISM AND LIBERATION,False,2928,4549353,20210113,,OTHER
4106,4106,2020,NEW JERSEY,NJ,34,22,12,US PRESIDENT,"DE LA FUENTE, ROQUE """"ROCKY""""",ALLIANCE,False,2728,4549353,20210113,,OTHER
4107,4107,2020,NEW MEXICO,NM,35,85,66,US PRESIDENT,"HAWKINS, HOWIE",GREEN,False,4426,923965,20210113,,OTHER
4108,4108,2020,NEW MEXICO,NM,35,85,66,US PRESIDENT,"JORGENSEN, JO",LIBERTARIAN,False,12585,923965,20210113,,LIBERTARIAN
4109,4109,2020,NEW MEXICO,NM,35,85,66,US PRESIDENT,"BIDEN, JOSEPH R. JR",DEMOCRAT,False,501614,923965,20210113,,DEMOCRAT
4110,4110,2020,NEW MEXICO,NM,35,85,66,US PRESIDENT,"TITTLE, SHEILA ""SAMM""",CONSTITUTION PARTY,False,1806,923965,20210113,,OTHER
4111,4111,2020,NEW MEXICO,NM,35,85,66,US PRESIDENT,"TRUMP, DONALD J.",REPUBLICAN,False,401894,923965,20210113,,REPUBLICAN
4112,4112,2020,NEW MEXICO,NM,35,85,66,US PRESIDENT,"LA RIVA, GLORIA ESTELLA",PARTY FOR SOCIALISM AND LIBERATION,False,1640,923965,20210113,,OTHER
4113,4113,2020,NEW YORK,NY,36,21,13,US PRESIDENT,"BIDEN, JOSEPH R. JR",DEMOCRAT,False,5230985,8661735,20210113,,DEMOCRAT
4114,4114,2020,NEW YORK,NY,36,21,13,US PRESIDENT,"TRUMP, DONALD J.",REPUBLICAN,False,3244798,8661735,20210113,,REPUBLICAN
4115,4115,2020,NEW YORK,NY,36,21,13,US PRESIDENT,"HAWKINS, HOWIE",GREEN,False,32753,8661735,20210113,,OTHER
4116,4116,2020,NEW YORK,NY,36,21,13,US PRESIDENT,"JORGENSEN, JO",LIBERTARIAN,False,60234,8661735,20210113,,LIBERTARIAN
4117,4117,2020,NEW YORK,NY,36,21,13,US PRESIDENT,"PIERCE, BROCK",INDEPENDENT,False,22587,8661735,20210113,,OTHER
4118,4118,2020,NEW YORK,NY,36,21,13,US PRESIDENT,"CARROLL, BRIAN",AMERICAN SOLIDARITY PARTY,True,805,8661735,20210113,,OTHER
4119,4119,2020,NEW YORK,NY,36,21,13,US PRESIDENT,"LA RIVA, GLORIA ESTELLA",PARTY FOR SOCIALISM AND LIBERATION,True,376,8661735,20210113,,OTHER
4120,4120,2020,NEW YORK,NY,36,21,13,US PRESIDENT,"WELLS, KASEY",INDEPENDENT,True,3,8661735,20210113,,OTHER
4121,4121,2020,NEW YORK,NY,36,21,13,US PRESIDENT,"MANIMAS, JOHN",,True,2,8661735,20210113,,OTHER
4122,4122,2020,NEW YORK,NY,36,21,13,US PRESIDENT,"HOWARD, SHAWN W.",,True,6,8661735,20210113,,OTHER
4123,4123,2020,NEW YORK,NY,36,21,13,US PRESIDENT,"COLLINS, PHIL",PROHIBITION PARTY,True,9,8661735,20210113,,OTHER
4124,4124,2020,NEW YORK,NY,36,21,13,US PRESIDENT,"HODGES, PAUL",,True,13,8661735,20210113,,OTHER
4125,4125,2020,NEW YORK,NY,36,21,13,US PRESIDENT,"SIMMONS, JADE",BECOMING ONE NATION,True,155,8661735,20210113,,OTHER
4126,4126,2020,NEW YORK,NY,36,21,13,US PRESIDENT,"DE LA FUENTE, ROQUE """"ROCKY""""",ALLIANCE,True,20,8661735,20210113,,OTHER
4127,4127,2020,NEW YORK,NY,36,21,13,US PRESIDENT,"KISHORE, JOSEPH",INDEPENDENT,True,28,8661735,20210113,,OTHER
4128,4128,2020,NEW YORK,NY,36,21,13,US PRESIDENT,"MARTIN, DAVID A.",,True,3,8661735,20210113,,OTHER
4129,4129,2020,NEW YORK,NY,36,21,13,US PRESIDENT,"WEST, KANYE",THE BIRTHDAY PARTY,True,1897,8661735,20210113,,OTHER
4130,4130,2020,NEW YORK,NY,36,21,13,US PRESIDENT,"BLANKENSHIP, DON",CONSTITUTION PARTY,True,43,8661735,20210113,,OTHER
4131,4131,2020,NEW YORK,NY,36,21,13,US PRESIDENT,"BELLAR, BARBARA",,True,2,8661735,20210113,,OTHER
4132,4132,2020,NEW YORK,NY,36,21,13,US PRESIDENT,"CHARLES, MARK",INDEPENDENT,True,98,8661735,20210113,,OTHER
4133,4133,2020,NEW YORK,NY,36,21,13,US PRESIDENT,"HUNTER, DARIO",,True,8,8661735,20210113,,OTHER
4134,4134,2020,NEW YORK,NY,36,21,13,US PRESIDENT,"MONTANYE, RICHARD CHARLES",,True,1,8661735,20210113,,OTHER
4135,4135,2020,NEW YORK,NY,36,21,13,US PRESIDENT,BLANK VOTES,,False,43541,8661735,20210113,,OTHER
4136,4136,2020,NEW YORK,NY,36,21,13,US PRESIDENT,VOID,,False,23368,8661735,20210113,,OTHER
4137,4137,2020,NORTH CAROLINA,NC,37,56,47,US PRESIDENT,"TRUMP, DONALD J.",REPUBLICAN,False,2758773,5524802,20210113,,REPUBLICAN
4138,4138,2020,NORTH CAROLINA,NC,37,56,47,US PRESIDENT,"BIDEN, JOSEPH R. JR",DEMOCRAT,False,2684292,5524802,20210113,,DEMOCRAT
4139,4139,2020,NORTH CAROLINA,NC,37,56,47,US PRESIDENT,"JORGENSEN, JO",LIBERTARIAN,False,48678,5524802,20210113,,LIBERTARIAN
4140,4140,2020,NORTH CAROLINA,NC,37,56,47,US PRESIDENT,"HAWKINS, HOWIE",GREEN,False,12195,5524802,20210113,,OTHER
4141,4141,2020,NORTH CAROLINA,NC,37,56,47,US PRESIDENT,"BLANKENSHIP, DON",CONSTITUTION PARTY,False,7549,5524802,20210113,,OTHER
4142,4142,2020,NORTH CAROLINA,NC,37,56,47,US PRESIDENT,"SIMMONS, JADE",BECOMING ONE NATION,True,119,5524802,20210113,,OTHER
4143,4143,2020,NORTH CAROLINA,NC,37,56,47,US PRESIDENT,,,True,13196,5524802,20210113,,OTHER
4144,4144,2020,NORTH DAKOTA,ND,38,44,36,US PRESIDENT,"TRUMP, DONALD J.",REPUBLICAN,False,235595,361819,20210113,,REPUBLICAN
4145,4145,2020,NORTH DAKOTA,ND,38,44,36,US PRESIDENT,"BIDEN, JOSEPH R. JR",DEMOCRAT,False,114902,361819,20210113,,DEMOCRAT
4146,4146,2020,NORTH DAKOTA,ND,38,44,36,US PRESIDENT,"JORGENSEN, JO",LIBERTARIAN,False,9393,361819,20210113,,LIBERTARIAN
4147,4147,2020,NORTH DAKOTA,ND,38,44,36,US PRESIDENT,,,True,1929,361819,20210113,,OTHER
4148,4148,2020,OHIO,OH,39,31,24,US PRESIDENT,"TRUMP, DONALD J.",REPUBLICAN,False,3154834,5922202,20210113,,REPUBLICAN
4149,4149,2020,OHIO,OH,39,31,24,US PRESIDENT,"BIDEN, JOSEPH R. JR",DEMOCRAT,False,2679165,5922202,20210113,,DEMOCRAT
4150,4150,2020,OHIO,OH,39,31,24,US PRESIDENT,"JORGENSEN, JO",LIBERTARIAN,False,67569,5922202,20210113,,LIBERTARIAN
4151,4151,2020,OHIO,OH,39,31,24,US PRESIDENT,"BODDIE, R. PRESIDENT",INDEPENDENT,True,3,5922202,20210113,,OTHER
4152,4152,2020,OHIO,OH,39,31,24,US PRESIDENT,"CARROLL, BRIAN",AMERICAN SOLIDARITY PARTY,True,1450,5922202,20210113,,OTHER
4153,4153,2020,OHIO,OH,39,31,24,US PRESIDENT,"HAWKINS, HOWIE",GREEN,False,18812,5922202,20210113,,OTHER
4154,4154,2020,OHIO,OH,39,31,24,US PRESIDENT,"HOEFLING, TOM",,True,114,5922202,20210113,,OTHER
4155,4155,2020,OHIO,OH,39,31,24,US PRESIDENT,"HUNTER, DARIO",,True,27,5922202,20210113,,OTHER
4156,4156,2020,OHIO,OH,39,31,24,US PRESIDENT,"SIMMONS, JADE",BECOMING ONE NATION,True,212,5922202,20210113,,OTHER
4157,4157,2020,OHIO,OH,39,31,24,US PRESIDENT,"WELLS, KASEY",INDEPENDENT,True,16,5922202,20210113,,OTHER
4158,4158,2020,OKLAHOMA,OK,40,73,53,US PRESIDENT,"TRUMP, DONALD J.",REPUBLICAN,False,1020280,1560699,20210113,,REPUBLICAN
4159,4159,2020,OKLAHOMA,OK,40,73,53,US PRESIDENT,"BIDEN, JOSEPH R. JR",DEMOCRAT,False,503890,1560699,20210113,,DEMOCRAT
4160,4160,2020,OKLAHOMA,OK,40,73,53,US PRESIDENT,"JORGENSEN, JO",LIBERTARIAN,False,24731,1560699,20210113,,LIBERTARIAN
4161,4161,2020,OKLAHOMA,OK,40,73,53,US PRESIDENT,"SIMMONS, JADE",INDEPENDENT,False,3654,1560699,20210113,,OTHER
4162,4162,2020,OKLAHOMA,OK,40,73,53,US PRESIDENT,"WEST, KANYE",INDEPENDENT,False,5597,1560699,20210113,,OTHER
4163,4163,2020,OKLAHOMA,OK,40,73,53,US PRESIDENT,"PIERCE, BROCK",INDEPENDENT,False,2547,1560699,20210113,,OTHER
4164,4164,2020,OREGON,OR,41,92,72,US PRESIDENT,"TRUMP, DONALD J.",REPUBLICAN,False,958448,2374321,20210113,,REPUBLICAN
4165,4165,2020,OREGON,OR,41,92,72,US PRESIDENT,"BIDEN, JOSEPH R. JR",DEMOCRAT,False,1340383,2374321,20210113,,DEMOCRAT
4166,4166,2020,OREGON,OR,41,92,72,US PRESIDENT,"JORGENSEN, JO",LIBERTARIAN,False,41582,2374321,20210113,,LIBERTARIAN
4167,4167,2020,OREGON,OR,41,92,72,US PRESIDENT,"HAWKINS, HOWIE",PACIFIC GREEN,False,11831,2374321,20210113,,OTHER
4168,4168,2020,OREGON,OR,41,92,72,US PRESIDENT,"HUNTER, DARIO",PROGRESSIVE PARTY,False,4988,2374321,20210113,,OTHER
4169,4169,2020,OREGON,OR,41,92,72,US PRESIDENT,,,True,17089,2374321,20210113,,OTHER
4170,4170,2020,PENNSYLVANIA,PA,42,23,14,US PRESIDENT,"TRUMP, DONALD J.",REPUBLICAN,False,3377674,6915283,20210113,,REPUBLICAN
4171,4171,2020,PENNSYLVANIA,PA,42,23,14,US PRESIDENT,"BIDEN, JOSEPH R. JR",DEMOCRAT,False,3458229,6915283,20210113,,DEMOCRAT
4172,4172,2020,PENNSYLVANIA,PA,42,23,14,US PRESIDENT,"JORGENSEN, JO",LIBERTARIAN,False,79380,6915283,20210113,,LIBERTARIAN
4173,4173,2020,RHODE ISLAND,RI,44,15,5,US PRESIDENT,"BIDEN, JOSEPH R. JR",DEMOCRAT,False,307486,516990,20210113,,DEMOCRAT
4174,4174,2020,RHODE ISLAND,RI,44,15,5,US PRESIDENT,"TRUMP, DONALD J.",REPUBLICAN,False,199922,516990,20210113,,REPUBLICAN
4175,4175,2020,RHODE ISLAND,RI,44,15,5,US PRESIDENT,"JORGENSEN, JO",LIBERTARIAN,False,5053,516990,20210113,,LIBERTARIAN
4176,4176,2020,RHODE ISLAND,RI,44,15,5,US PRESIDENT,,,True,2759,516990,20210113,,OTHER
4177,4177,2020,RHODE ISLAND,RI,44,15,5,US PRESIDENT,"DE LA FUENTE, ROQUE """"ROCKY""""",ALLIANCE,False,923,516990,20210113,,OTHER
4178,4178,2020,RHODE ISLAND,RI,44,15,5,US PRESIDENT,"LA RIVA, GLORIA ESTELLA",PARTY FOR SOCIALISM AND LIBERATION,False,847,516990,20210113,,OTHER
4179,4179,2020,SOUTH CAROLINA,SC,45,57,48,US PRESIDENT,"CARROLL, BRIAN",AMERICAN SOLIDARITY PARTY,False,767,2514096,20210113,,OTHER
4180,4180,2020,SOUTH CAROLINA,SC,45,57,48,US PRESIDENT,"HAWKINS, HOWIE",GREEN,False,6907,2514096,20210113,,OTHER
4181,4181,2020,SOUTH CAROLINA,SC,45,57,48,US PRESIDENT,"TRUMP, DONALD J.",REPUBLICAN,False,1385103,2514096,20210113,,REPUBLICAN
4182,4182,2020,SOUTH CAROLINA,SC,45,57,48,US PRESIDENT,"DE LA FUENTE, ROQUE """"ROCKY""""",ALLIANCE,False,1862,2514096,20210113,,OTHER
4183,4183,2020,SOUTH CAROLINA,SC,45,57,48,US PRESIDENT,"JORGENSEN, JO",LIBERTARIAN,False,27916,2514096,20210113,,LIBERTARIAN
4184,4184,2020,SOUTH CAROLINA,SC,45,57,48,US PRESIDENT,"BIDEN, JOSEPH R. JR",DEMOCRAT,False,1091541,2514096,20210113,,DEMOCRAT
4185,4185,2020,SOUTH DAKOTA,SD,46,45,37,US PRESIDENT,"TRUMP, DONALD J.",REPUBLICAN,False,261043,422609,20210113,,REPUBLICAN
4186,4186,2020,SOUTH DAKOTA,SD,46,45,37,US PRESIDENT,"BIDEN, JOSEPH R. JR",DEMOCRAT,False,150471,422609,20210113,,DEMOCRAT
4187,4187,2020,SOUTH DAKOTA,SD,46,45,37,US PRESIDENT,"JORGENSEN, JO",LIBERTARIAN,False,11095,422609,20210113,,LIBERTARIAN
4188,4188,2020,TENNESSEE,TN,47,62,54,US PRESIDENT,"TRUMP, DONALD J.",REPUBLICAN,False,1852475,3053851,20210113,,REPUBLICAN
4189,4189,2020,TENNESSEE,TN,47,62,54,US PRESIDENT,"BIDEN, JOSEPH R. JR",DEMOCRAT,False,1143711,3053851,20210113,,DEMOCRAT
4190,4190,2020,TENNESSEE,TN,47,62,54,US PRESIDENT,"BLANKENSHIP, DON",INDEPENDENT,False,5365,3053851,20210113,,OTHER
4191,4191,2020,TENNESSEE,TN,47,62,54,US PRESIDENT,"DE LA FUENTE, ROQUE """"ROCKY""""",INDEPENDENT,False,1860,3053851,20210113,,OTHER
4192,4192,2020,TENNESSEE,TN,47,62,54,US PRESIDENT,"HAWKINS, HOWIE",INDEPENDENT,False,4545,3053851,20210113,,OTHER
4193,4193,2020,TENNESSEE,TN,47,62,54,US PRESIDENT,"JORGENSEN, JO",INDEPENDENT,False,29877,3053851,20210113,,OTHER
4194,4194,2020,TENNESSEE,TN,47,62,54,US PRESIDENT,"KENNEDY, ALYSON",INDEPENDENT,False,2576,3053851,20210113,,OTHER
4195,4195,2020,TENNESSEE,TN,47,62,54,US PRESIDENT,"LA RIVA, GLORIA ESTELLA",INDEPENDENT,False,2301,3053851,20210113,,OTHER
4196,4196,2020,TENNESSEE,TN,47,62,54,US PRESIDENT,"WEST, KANYE",INDEPENDENT,False,10279,3053851,20210113,,OTHER
4197,4197,2020,TENNESSEE,TN,47,62,54,US PRESIDENT,"BODDIE, R. PRESIDENT",INDEPENDENT,True,1,3053851,20210113,,OTHER
4198,4198,2020,TENNESSEE,TN,47,62,54,US PRESIDENT,"CARROLL, BRIAN",AMERICAN SOLIDARITY PARTY,True,762,3053851,20210113,,OTHER
4199,4199,2020,TENNESSEE,TN,47,62,54,US PRESIDENT,"HOEFLING, TOM",,True,31,3053851,20210113,,OTHER
4200,4200,2020,TENNESSEE,TN,47,62,54,US PRESIDENT,"SIMMONS, JADE",BECOMING ONE NATION,True,68,3053851,20210113,,OTHER
4201,4201,2020,TEXAS,TX,48,74,49,US PRESIDENT,"TRUMP, DONALD J.",REPUBLICAN,False,5890347,11315056,20210113,,REPUBLICAN
4202,4202,2020,TEXAS,TX,48,74,49,US PRESIDENT,"BIDEN, JOSEPH R. JR",DEMOCRAT,False,5259126,11315056,20210113,,DEMOCRAT
4203,4203,2020,TEXAS,TX,48,74,49,US PRESIDENT,"JORGENSEN, JO",LIBERTARIAN,False,126243,11315056,20210113,,LIBERTARIAN
4204,4204,2020,TEXAS,TX,48,74,49,US PRESIDENT,"HAWKINS, HOWIE",GREEN,False,33396,11315056,20210113,,OTHER
4205,4205,2020,TEXAS,TX,48,74,49,US PRESIDENT,"BODDIE, R. PRESIDENT",INDEPENDENT,True,2012,11315056,20210113,,OTHER
4206,4206,2020,TEXAS,TX,48,74,49,US PRESIDENT,"CARROLL, BRIAN",AMERICAN SOLIDARITY PARTY,True,2785,11315056,20210113,,OTHER
4207,4207,2020,TEXAS,TX,48,74,49,US PRESIDENT,"CELLA, TODD",INDEPENDENT,True,205,11315056,20210113,,OTHER
4208,4208,2020,TEXAS,TX,48,74,49,US PRESIDENT,"CUELLAR, JESSE",,True,49,11315056,20210113,,OTHER
4209,4209,2020,TEXAS,TX,48,74,49,US PRESIDENT,"HOEFLING, TOM",,True,337,11315056,20210113,,OTHER
4210,4210,2020,TEXAS,TX,48,74,49,US PRESIDENT,"LA RIVA, GLORIA ESTELLA",PARTY FOR SOCIALISM AND LIBERATION,True,350,11315056,20210113,,OTHER
4211,4211,2020,TEXAS,TX,48,74,49,US PRESIDENT,"LOEB, ABRAM",,True,36,11315056,20210113,,OTHER
4212,4212,2020,TEXAS,TX,48,74,49,US PRESIDENT,"MORROW, ROBERT",,True,56,11315056,20210113,,OTHER
4213,4213,2020,TEXAS,TX,48,74,49,US PRESIDENT,"WELLS, KASEY",INDEPENDENT,True,114,11315056,20210113,,OTHER
4214,4214,2020,UTAH,UT,49,87,67,US PRESIDENT,"PIERCE, BROCK",INDEPENDENT,True,2623,1488289,20210113,,OTHER
4215,4215,2020,UTAH,UT,49,87,67,US PRESIDENT,"WEST, KANYE",THE BIRTHDAY PARTY,True,7213,1488289,20210113,,OTHER
4216,4216,2020,UTAH,UT,49,87,67,US PRESIDENT,"BIDEN, JOSEPH R. JR",DEMOCRAT,False,560282,1488289,20210113,,DEMOCRAT
4217,4217,2020,UTAH,UT,49,87,67,US PRESIDENT,"BLANKENSHIP, DON",CONSTITUTION PARTY,False,5551,1488289,20210113,,OTHER
4218,4218,2020,UTAH,UT,49,87,67,US PRESIDENT,"JORGENSEN, JO",LIBERTARIAN,False,38447,1488289,20210113,,LIBERTARIAN
4219,4219,2020,UTAH,UT,49,87,67,US PRESIDENT,"MCHUGH, JOE",,True,2229,1488289,20210113,,OTHER
4220,4220,2020,UTAH,UT,49,87,67,US PRESIDENT,"HAWKINS, HOWIE",GREEN,False,5053,1488289,20210113,,OTHER
4221,4221,2020,UTAH,UT,49,87,67,US PRESIDENT,"LA RIVA, GLORIA ESTELLA",PARTY FOR SOCIALISM AND LIBERATION,True,1139,1488289,20210113,,OTHER
4222,4222,2020,UTAH,UT,49,87,67,US PRESIDENT,"TRUMP, DONALD J.",REPUBLICAN,False,865140,1488289,20210113,,REPUBLICAN
4223,4223,2020,UTAH,UT,49,87,67,US PRESIDENT,"CARROLL, BRIAN",AMERICAN SOLIDARITY PARTY,True,368,1488289,20210113,,OTHER
4224,4224,2020,UTAH,UT,49,87,67,US PRESIDENT,"HOEFLING, TOM",,True,51,1488289,20210113,,OTHER
4225,4225,2020,UTAH,UT,49,87,67,US PRESIDENT,"SIMMONS, JADE",BECOMING ONE NATION,True,186,1488289,20210113,,OTHER
4226,4226,2020,UTAH,UT,49,87,67,US PRESIDENT,"FORBES, KATHERINE",,True,1,1488289,20210113,,OTHER
4227,4227,2020,UTAH,UT,49,87,67,US PRESIDENT,"BODDIE, R. PRESIDENT",INDEPENDENT,True,6,1488289,20210113,,OTHER
4228,4228,2020,VERMONT,VT,50,13,6,US PRESIDENT,"BIDEN, JOSEPH R. JR",DEMOCRAT,False,242820,370968,20210113,,DEMOCRAT
4229,4229,2020,VERMONT,VT,50,13,6,US PRESIDENT,"TRUMP, DONALD J.",REPUBLICAN,False,112704,370968,20210113,,REPUBLICAN
4230,4230,2020,VERMONT,VT,50,13,6,US PRESIDENT,"JORGENSEN, JO",LIBERTARIAN,False,3608,370968,20210113,,LIBERTARIAN
4231,4231,2020,VERMONT,VT,50,13,6,US PRESIDENT,"HAWKINS, HOWIE",GREEN,False,1310,370968,20210113,,OTHER
4232,4232,2020,VERMONT,VT,50,13,6,US PRESIDENT,"WEST, KANYE",INDEPENDENT,False,1269,370968,20210113,,OTHER
4233,4233,2020,VERMONT,VT,50,13,6,US PRESIDENT,"PAIGE, BROOKE H.",GRUMPY OLD PATRIOTS,False,1175,370968,20210113,,OTHER
4234,4234,2020,VERMONT,VT,50,13,6,US PRESIDENT,"LAFONTAINE, CHRISTOPHER",INDEPENDENT,False,856,370968,20210113,,OTHER
4235,4235,2020,VERMONT,VT,50,13,6,US PRESIDENT,"DUNCAN, RICHARD",INDEPENDENT,False,213,370968,20210113,,OTHER
4236,4236,2020,VERMONT,VT,50,13,6,US PRESIDENT,"CARROLL, BRIAN",AMERICAN SOLIDARITY,False,209,370968,20210113,,OTHER
4237,4237,2020,VERMONT,VT,50,13,6,US PRESIDENT,"BLANKENSHIP, DON",CONSTITUTION,False,208,370968,20210113,,OTHER
4238,4238,2020,VERMONT,VT,50,13,6,US PRESIDENT,"KENNEDY, ALYSON",SOCIALIST WORKERS,False,195,370968,20210113,,OTHER
4239,4239,2020,VERMONT,VT,50,13,6,US PRESIDENT,"LA RIVA, GLORIA ESTELLA",LIBERTY UNION,False,166,370968,20210113,,OTHER
4240,4240,2020,VERMONT,VT,50,13,6,US PRESIDENT,"SWING, GARY",BOILING FROG,False,141,370968,20210113,,OTHER
4241,4241,2020,VERMONT,VT,50,13,6,US PRESIDENT,"COLLINS, PHIL",PROHIBITION,False,137,370968,20210113,,OTHER
4242,4242,2020,VERMONT,VT,50,13,6,US PRESIDENT,"MCCORMIC, KEITH",BULL MOOSE,False,126,370968,20210113,,OTHER
4243,4243,2020,VERMONT,VT,50,13,6,US PRESIDENT,"PIERCE, BROCK",UNAFFILIATED,False,100,370968,20210113,,OTHER
4244,4244,2020,VERMONT,VT,50,13,6,US PRESIDENT,"SEGAL, JEROME M.",BREAD AND ROSES,False,65,370968,20210113,,OTHER
4245,4245,2020,VERMONT,VT,50,13,6,US PRESIDENT,"HUBER, BLAKE",APPROVAL VOTING,False,54,370968,20210113,,OTHER
4246,4246,2020,VERMONT,VT,50,13,6,US PRESIDENT,"KOPITKE, KYLE KENLEY",INDEPENDENT,False,53,370968,20210113,,OTHER
4247,4247,2020,VERMONT,VT,50,13,6,US PRESIDENT,"DE LA FUENTE, ROQUE """"ROCKY""""",ALLIANCE,False,48,370968,20210113,,OTHER
4248,4248,2020,VERMONT,VT,50,13,6,US PRESIDENT,,,True,1942,370968,20210113,,OTHER
4249,4249,2020,VERMONT,VT,50,13,6,US PRESIDENT,OVERVOTES,,False,278,370968,20210113,,OTHER
4250,4250,2020,VERMONT,VT,50,13,6,US PRESIDENT,BLANK VOTES,,False,3262,370968,20210113,,OTHER
4251,4251,2020,VERMONT,VT,50,13,6,US PRESIDENT,"SCALF, ZACHARY",INDEPENDENT,False,29,370968,20210113,,OTHER
4252,4252,2020,VIRGINIA,VA,51,54,40,US PRESIDENT,"BIDEN, JOSEPH R. JR",DEMOCRAT,False,2413568,4460524,20210113,,DEMOCRAT
4253,4253,2020,VIRGINIA,VA,51,54,40,US PRESIDENT,"TRUMP, DONALD J.",REPUBLICAN,False,1962430,4460524,20210113,,REPUBLICAN
4254,4254,2020,VIRGINIA,VA,51,54,40,US PRESIDENT,"JORGENSEN, JO",LIBERTARIAN,False,64761,4460524,20210113,,LIBERTARIAN
4255,4255,2020,VIRGINIA,VA,51,54,40,US PRESIDENT,,,True,19765,4460524,20210113,,OTHER
4256,4256,2020,WASHINGTON,WA,53,91,73,US PRESIDENT,"BIDEN, JOSEPH R. JR",DEMOCRAT,False,2369612,4087631,20210113,,DEMOCRAT
4257,4257,2020,WASHINGTON,WA,53,91,73,US PRESIDENT,"TRUMP, DONALD J.",REPUBLICAN,False,1584651,4087631,20210113,,REPUBLICAN
4258,4258,2020,WASHINGTON,WA,53,91,73,US PRESIDENT,"JORGENSEN, JO",LIBERTARIAN,False,80500,4087631,20210113,,LIBERTARIAN
4259,4259,2020,WASHINGTON,WA,53,91,73,US PRESIDENT,"HAWKINS, HOWIE",GREEN,False,18289,4087631,20210113,,OTHER
4260,4260,2020,WASHINGTON,WA,53,91,73,US PRESIDENT,"LA RIVA, GLORIA ESTELLA",PARTY FOR SOCIALISM AND LIBERATION,False,4840,4087631,20210113,,OTHER
4261,4261,2020,WASHINGTON,WA,53,91,73,US PRESIDENT,"KENNEDY, ALYSON",SOCIALIST WORKERS PARTY,False,2487,4087631,20210113,,OTHER
4262,4262,2020,WASHINGTON,WA,53,91,73,US PRESIDENT,,,True,27252,4087631,20210113,,OTHER
4263,4263,2020,WEST VIRGINIA,WV,54,55,56,US PRESIDENT,"BIDEN, JOSEPH R. JR",DEMOCRAT,False,235984,794652,20210113,,DEMOCRAT
4264,4264,2020,WEST VIRGINIA,WV,54,55,56,US PRESIDENT,"TRUMP, DONALD J.",REPUBLICAN,False,545382,794652,20210113,,REPUBLICAN
4265,4265,2020,WEST VIRGINIA,WV,54,55,56,US PRESIDENT,"JORGENSEN, JO",LIBERTARIAN,False,10687,794652,20210113,,LIBERTARIAN
4266,4266,2020,WEST VIRGINIA,WV,54,55,56,US PRESIDENT,"HAWKINS, HOWIE",GREEN,False,2599,794652,20210113,,OTHER
4267,4267,2020,WISCONSIN,WI,55,35,25,US PRESIDENT,"BIDEN, JOSEPH R. JR",DEMOCRAT,False,1630866,3298041,20210113,,DEMOCRAT
4268,4268,2020,WISCONSIN,WI,55,35,25,US PRESIDENT,"TRUMP, DONALD J.",REPUBLICAN,False,1610184,3298041,20210113,,REPUBLICAN
4269,4269,2020,WISCONSIN,WI,55,35,25,US PRESIDENT,"BLANKENSHIP, DON",CONSTITUTION PARTY,False,5146,3298041,20210113,,OTHER
4270,4270,2020,WISCONSIN,WI,55,35,25,US PRESIDENT,"JORGENSEN, JO",INDEPENDENT,False,38491,3298041,20210113,,OTHER
4271,4271,2020,WISCONSIN,WI,55,35,25,US PRESIDENT,"CARROLL, BRIAN",AMERICAN SOLIDARITY PARTY,False,5259,3298041,20210113,,OTHER
4272,4272,2020,WISCONSIN,WI,55,35,25,US PRESIDENT,"WELLS, KASEY",INDEPENDENT,True,25,3298041,20210113,,OTHER
4273,4273,2020,WISCONSIN,WI,55,35,25,US PRESIDENT,"SIMMONS, JADE",BECOMING ONE NATION,True,36,3298041,20210113,,OTHER
4274,4274,2020,WISCONSIN,WI,55,35,25,US PRESIDENT,"BODDIE, R. PRESIDENT",INDEPENDENT,True,5,3298041,20210113,,OTHER
4275,4275,2020,WISCONSIN,WI,55,35,25,US PRESIDENT,"HAWKINS, HOWIE",GREEN,True,1089,3298041,20210113,,OTHER
4276,4276,2020,WISCONSIN,WI,55,35,25,US PRESIDENT,"LA RIVA, GLORIA ESTELLA",PARTY FOR SOCIALISM AND LIBERATION,True,110,3298041,20210113,,OTHER
4277,4277,2020,WISCONSIN,WI,55,35,25,US PRESIDENT,"WEST, KANYE",THE BIRTHDAY PARTY,True,411,3298041,20210113,,OTHER
4278,4278,2020,WISCONSIN,WI,55,35,25,US PRESIDENT,"CHARLES, MARK",INDEPENDENT,True,52,3298041,20210113,,OTHER
4279,4279,2020,WISCONSIN,WI,55,35,25,US PRESIDENT,,,True,6367,3298041,20210113,,OTHER
4280,4280,2020,WYOMING,WY,56,83,68,US PRESIDENT,"BIDEN, JOSEPH R. JR",DEMOCRAT,False,73491,278503,20210113,,DEMOCRAT
4281,4281,2020,WYOMING,WY,56,83,68,US PRESIDENT,"TRUMP, DONALD J.",REPUBLICAN,False,193559,278503,20210113,,REPUBLICAN
4282,4282,2020,WYOMING,WY,56,83,68,US PRESIDENT,"JORGENSEN, JO",LIBERTARIAN,False,5768,278503,20210113,,LIBERTARIAN
4283,4283,2020,WYOMING,WY,56,83,68,US PRESIDENT,"PIERCE, BROCK",INDEPENDENT,False,2208,278503,20210113,,OTHER
4284,4284,2020,WYOMING,WY,56,83,68,US PRESIDENT,,,True,1739,278503,20210113,,OTHER
4285,4285,2020,WYOMING,WY,56,83,68,US PRESIDENT,OVERVOTES,,False,279,278503,20210113,,OTHER
4286,4286,2020,WYOMING,WY,56,83,68,US PRESIDENT,UNDERVOTES,,False,1459,278503,20210113,,OTHER
